[
    {
        "_id": "6576bae00f3e99e7fca9a08a",
        "id": 246,
        "url": "https://books.toscrape.com/catalogue/the-lucifer-effect-understanding-how-good-people-turn-evil_758/index.html",
        "title": "Renowned social psychologist and creator of the \"Stanford Prison Experiment,\" Philip Zimbardo explores the mechanisms that make good people do bad things, how moral people can be seduced into acting immorally, and what this says about the line separating good from evil.The Lucifer Effect explains how—and the myriad reasons why—we are all susceptible to the lure of “the dar Renowned social psychologist and creator of the \"Stanford Prison Experiment,\" Philip Zimbardo explores the mechanisms that make good people do bad things, how moral people can be seduced into acting immorally, and what this says about the line separating good from evil.The Lucifer Effect explains how—and the myriad reasons why—we are all susceptible to the lure of “the dark side.” Drawing on examples from history as well as his own trailblazing research, Zimbardo details how situational forces and group dynamics can work in concert to make monsters out of decent men and women. Here, for the first time and in detail, Zimbardo tells the full story of the Stanford Prison Experiment, the landmark study in which a group of college-student volunteers was randomly divided into “guards” and “inmates” and then placed in a mock prison environment. Within a week, the study was abandoned, as ordinary college students were transformed into either brutal, sadistic guards or emotionally broken prisoners. By illuminating the psychological causes behind such disturbing metamorphoses, Zimbardo enables us to better understand a variety of harrowing phenomena, from corporate malfeasance to organized genocide to how once upstanding American soldiers came to abuse and torture Iraqi detainees in Abu Ghraib. He replaces the long-held notion of the “bad apple” with that of the “bad barrel”—the idea that the social setting and the system contaminate the individual, rather than the other way around. ...more",
        "upc": "4e812d32d64e2431",
        "product_type": "books",
        "price_excl_tax": 10.0,
        "price_incl_tax": 10.0,
        "tax": 0.0,
        "price": 10.0,
        "availability": 14,
        "num_reviews": 0,
        "stars": 1,
        "category": "psychology",
        "description": "('Renowned social psychologist and creator of the \"Stanford Prison Experiment,\" Philip Zimbardo explores the mechanisms that make good people do bad things, how moral people can be seduced into acting immorally, and what this says about the line separating good from evil.The Lucifer Effect explains how—and the myriad reasons why—we are all susceptible to the lure of “the dar Renowned social psychologist and creator of the \"Stanford Prison Experiment,\" Philip Zimbardo explores the mechanisms that make good people do bad things, how moral people can be seduced into acting immorally, and what this says about the line separating good from evil.The Lucifer Effect explains how—and the myriad reasons why—we are all susceptible to the lure of “the dark side.” Drawing on examples from history as well as his own trailblazing research, Zimbardo details how situational forces and group dynamics can work in concert to make monsters out of decent men and women. Here, for the first time and in detail, Zimbardo tells the full story of the Stanford Prison Experiment, the landmark study in which a group of college-student volunteers was randomly divided into “guards” and “inmates” and then placed in a mock prison environment. Within a week, the study was abandoned, as ordinary college students were transformed into either brutal, sadistic guards or emotionally broken prisoners. By illuminating the psychological causes behind such disturbing metamorphoses, Zimbardo enables us to better understand a variety of harrowing phenomena, from corporate malfeasance to organized genocide to how once upstanding American soldiers came to abuse and torture Iraqi detainees in Abu Ghraib. He replaces the long-held notion of the “bad apple” with that of the “bad barrel”—the idea that the social setting and the system contaminate the individual, rather than the other way around. ...more',)"
    },
    {
        "_id": "6576bae00f3e99e7fca99cb1",
        "availability": 14,
        "category": "psychology",
        "description": "Renowned social psychologist and creator of the \"Stanford Prison Experiment,\" Philip Zimbardo explores the mechanisms that make good people do bad things, how moral people can be seduced into acting immorally, and what this says about the line separating good from evil.The Lucifer Effect explains how—and the myriad reasons why—we are all susceptible to the lure of “the dar Renowned social psychologist and creator of the \"Stanford Prison Experiment,\" Philip Zimbardo explores the mechanisms that make good people do bad things, how moral people can be seduced into acting immorally, and what this says about the line separating good from evil.The Lucifer Effect explains how—and the myriad reasons why—we are all susceptible to the lure of “the dark side.” Drawing on examples from history as well as his own trailblazing research, Zimbardo details how situational forces and group dynamics can work in concert to make monsters out of decent men and women. Here, for the first time and in detail, Zimbardo tells the full story of the Stanford Prison Experiment, the landmark study in which a group of college-student volunteers was randomly divided into “guards” and “inmates” and then placed in a mock prison environment. Within a week, the study was abandoned, as ordinary college students were transformed into either brutal, sadistic guards or emotionally broken prisoners. By illuminating the psychological causes behind such disturbing metamorphoses, Zimbardo enables us to better understand a variety of harrowing phenomena, from corporate malfeasance to organized genocide to how once upstanding American soldiers came to abuse and torture Iraqi detainees in Abu Ghraib. He replaces the long-held notion of the “bad apple” with that of the “bad barrel”—the idea that the social setting and the system contaminate the individual, rather than the other way around. ...more",
        "num_reviews": 0,
        "price": 10.4,
        "price_excl_tax": 10.4,
        "price_incl_tax": 10.4,
        "product_type": "books",
        "stars": 1,
        "tax": 0.0,
        "title": "Renowned social psychologist and creator of the \"Stanford Prison Experiment,\" Philip Zimbardo explores the mechanisms that make good people do bad things, how moral people can be seduced into acting immorally, and what this says about the line separating good from evil.The Lucifer Effect explains how—and the myriad reasons why—we are all susceptible to the lure of “the dar Renowned social psychologist and creator of the \"Stanford Prison Experiment,\" Philip Zimbardo explores the mechanisms that make good people do bad things, how moral people can be seduced into acting immorally, and what this says about the line separating good from evil.The Lucifer Effect explains how—and the myriad reasons why—we are all susceptible to the lure of “the dark side.” Drawing on examples from history as well as his own trailblazing research, Zimbardo details how situational forces and group dynamics can work in concert to make monsters out of decent men and women. Here, for the first time and in detail, Zimbardo tells the full story of the Stanford Prison Experiment, the landmark study in which a group of college-student volunteers was randomly divided into “guards” and “inmates” and then placed in a mock prison environment. Within a week, the study was abandoned, as ordinary college students were transformed into either brutal, sadistic guards or emotionally broken prisoners. By illuminating the psychological causes behind such disturbing metamorphoses, Zimbardo enables us to better understand a variety of harrowing phenomena, from corporate malfeasance to organized genocide to how once upstanding American soldiers came to abuse and torture Iraqi detainees in Abu Ghraib. He replaces the long-held notion of the “bad apple” with that of the “bad barrel”—the idea that the social setting and the system contaminate the individual, rather than the other way around. ...more",
        "upc": "4e812d32d64e2431",
        "url": "https://books.toscrape.com/catalogue/the-lucifer-effect-understanding-how-good-people-turn-evil_758/index.html"
    },
    {
        "_id": "6576bae00f3e99e7fca99f00",
        "availability": 3,
        "category": "childrens",
        "description": "When eleven-year-old Thyme Owens’ little brother, Val, is accepted into a new cancer drug trial, it’s just the second chance that he needs. But it also means the Owens family has to move to New York, thousands of miles away from Thyme’s best friend and everything she knows and loves. The island of Manhattan doesn’t exactly inspire new beginnings, but Thyme tries to embrace When eleven-year-old Thyme Owens’ little brother, Val, is accepted into a new cancer drug trial, it’s just the second chance that he needs. But it also means the Owens family has to move to New York, thousands of miles away from Thyme’s best friend and everything she knows and loves. The island of Manhattan doesn’t exactly inspire new beginnings, but Thyme tries to embrace the change for what it is: temporary.After Val’s treatment shows real promise and Mr. Owens accepts a full-time position in the city, Thyme has to face the frightening possibility that the move to New York is permanent. Thyme loves her brother, and knows the trial could save his life—she’d give anything for him to be well—but she still wants to go home, although the guilt of not wanting to stay is agonizing. She finds herself even more mixed up when her heart feels the tug of new friends, a first crush, and even a crotchety neighbor and his sweet whistling bird. All Thyme can do is count the minutes, the hours, and days, and hope time can bring both a miracle for Val and a way back home. ...more",
        "num_reviews": 0,
        "price": 10.62,
        "price_excl_tax": 10.62,
        "price_incl_tax": 10.62,
        "product_type": "books",
        "stars": 1,
        "tax": 0.0,
        "title": "When eleven-year-old Thyme Owens’ little brother, Val, is accepted into a new cancer drug trial, it’s just the second chance that he needs. But it also means the Owens family has to move to New York, thousands of miles away from Thyme’s best friend and everything she knows and loves. The island of Manhattan doesn’t exactly inspire new beginnings, but Thyme tries to embrace When eleven-year-old Thyme Owens’ little brother, Val, is accepted into a new cancer drug trial, it’s just the second chance that he needs. But it also means the Owens family has to move to New York, thousands of miles away from Thyme’s best friend and everything she knows and loves. The island of Manhattan doesn’t exactly inspire new beginnings, but Thyme tries to embrace the change for what it is: temporary.After Val’s treatment shows real promise and Mr. Owens accepts a full-time position in the city, Thyme has to face the frightening possibility that the move to New York is permanent. Thyme loves her brother, and knows the trial could save his life—she’d give anything for him to be well—but she still wants to go home, although the guilt of not wanting to stay is agonizing. She finds herself even more mixed up when her heart feels the tug of new friends, a first crush, and even a crotchety neighbor and his sweet whistling bird. All Thyme can do is count the minutes, the hours, and days, and hope time can bring both a miracle for Val and a way back home. ...more",
        "upc": "157f693d9e600ccc",
        "url": "https://books.toscrape.com/catalogue/counting-thyme_142/index.html"
    },
    {
        "_id": "6576bae00f3e99e7fca99c41",
        "availability": 15,
        "category": "science fiction",
        "description": "Welcome to Adrianna, a new country isolated for years and shrouded in mystery. It’s home to the Leafers, an assembly of the most intelligent minds in the world. When Leafer President John Greenleaf opens Adrianna’s doors for the filming of a documentary, the young country’s secrets will be exposed changing the world forever. Can the Leafers really cure cancer, diabetes and Welcome to Adrianna, a new country isolated for years and shrouded in mystery. It’s home to the Leafers, an assembly of the most intelligent minds in the world. When Leafer President John Greenleaf opens Adrianna’s doors for the filming of a documentary, the young country’s secrets will be exposed changing the world forever. Can the Leafers really cure cancer, diabetes and heart disease with a miraculous new plant? Can they provide free food and free wireless electricity to the entire planet without pollution? Adrianna’s technology guarantees to cause a complete collapse of the global economy. But will the rich and powerful allow it? Wars will be fought. Economies will collapse. The true origins of human life on Earth will be revealed. The project must be completed. ...more",
        "num_reviews": 0,
        "price": 10.65,
        "price_excl_tax": 10.65,
        "price_incl_tax": 10.65,
        "product_type": "books",
        "stars": 1,
        "tax": 0.0,
        "title": "Welcome to Adrianna, a new country isolated for years and shrouded in mystery. It’s home to the Leafers, an assembly of the most intelligent minds in the world. When Leafer President John Greenleaf opens Adrianna’s doors for the filming of a documentary, the young country’s secrets will be exposed changing the world forever. Can the Leafers really cure cancer, diabetes and Welcome to Adrianna, a new country isolated for years and shrouded in mystery. It’s home to the Leafers, an assembly of the most intelligent minds in the world. When Leafer President John Greenleaf opens Adrianna’s doors for the filming of a documentary, the young country’s secrets will be exposed changing the world forever. Can the Leafers really cure cancer, diabetes and heart disease with a miraculous new plant? Can they provide free food and free wireless electricity to the entire planet without pollution? Adrianna’s technology guarantees to cause a complete collapse of the global economy. But will the rich and powerful allow it? Wars will be fought. Economies will collapse. The true origins of human life on Earth will be revealed. The project must be completed. ...more",
        "upc": "790ef197c8f236f5",
        "url": "https://books.toscrape.com/catalogue/the-project_856/index.html"
    },
    {
        "_id": "6576bae00f3e99e7fca99ca6",
        "availability": 14,
        "category": "mystery",
        "description": "Sarah Hilary won the 2015 Theakston's Crime Novel of the Year with her debut, the 2014 Richard and Judy pick SOMEONE ELSE'S SKIN. She followed up with NO OTHER DARKNESS, proclaimed as 'riveting' by Lisa Gardner and 'truly mesmerising' by David Mark. Now D.I. Marnie Rome returns in her third novel.Home is where Harm lies...The young girl who causes the fatal car crash disap Sarah Hilary won the 2015 Theakston's Crime Novel of the Year with her debut, the 2014 Richard and Judy pick SOMEONE ELSE'S SKIN. She followed up with NO OTHER DARKNESS, proclaimed as 'riveting' by Lisa Gardner and 'truly mesmerising' by David Mark. Now D.I. Marnie Rome returns in her third novel.Home is where Harm lies...The young girl who causes the fatal car crash disappears from the scene.A runaway who doesn't want to be found, she only wants to go home.To the one man who understands her.Gives her shelter. Just as he gives shelter to the other lost girls who live in his house.He's the head of her new family.He's Harm. And when Harm's family is threatened, Marnie Rome is about to find out that everything tastes like fear... ...more",
        "num_reviews": 0,
        "price": 10.69,
        "price_excl_tax": 10.69,
        "price_incl_tax": 10.69,
        "product_type": "books",
        "stars": 1,
        "tax": 0.0,
        "title": "Sarah Hilary won the 2015 Theakston's Crime Novel of the Year with her debut, the 2014 Richard and Judy pick SOMEONE ELSE'S SKIN. She followed up with NO OTHER DARKNESS, proclaimed as 'riveting' by Lisa Gardner and 'truly mesmerising' by David Mark. Now D.I. Marnie Rome returns in her third novel.Home is where Harm lies...The young girl who causes the fatal car crash disap Sarah Hilary won the 2015 Theakston's Crime Novel of the Year with her debut, the 2014 Richard and Judy pick SOMEONE ELSE'S SKIN. She followed up with NO OTHER DARKNESS, proclaimed as 'riveting' by Lisa Gardner and 'truly mesmerising' by David Mark. Now D.I. Marnie Rome returns in her third novel.Home is where Harm lies...The young girl who causes the fatal car crash disappears from the scene.A runaway who doesn't want to be found, she only wants to go home.To the one man who understands her.Gives her shelter. Just as he gives shelter to the other lost girls who live in his house.He's the head of her new family.He's Harm. And when Harm's family is threatened, Marnie Rome is about to find out that everything tastes like fear... ...more",
        "upc": "2d1e337aaf341858",
        "url": "https://books.toscrape.com/catalogue/tastes-like-fear-di-marnie-rome-3_742/index.html"
    },
    {
        "_id": "6576bae00f3e99e7fca99c67",
        "availability": 15,
        "category": "default",
        "description": "A mysterious island. An abandoned orphanage. A strange collection of curious photographs.A horrific family tragedy sets sixteen-year-old Jacob journeying to a remote island off the coast of Wales, where he discovers the crumbling ruins of Miss Peregrine’s Home for Peculiar Children. As Jacob explores its abandoned bedrooms and hallways, it becomes clear that the children w A mysterious island. An abandoned orphanage. A strange collection of curious photographs.A horrific family tragedy sets sixteen-year-old Jacob journeying to a remote island off the coast of Wales, where he discovers the crumbling ruins of Miss Peregrine’s Home for Peculiar Children. As Jacob explores its abandoned bedrooms and hallways, it becomes clear that the children were more than just peculiar. They may have been dangerous. They may have been quarantined on a deserted island for good reason. And somehow—impossible though it seems—they may still be alive.A spine-tingling fantasy illustrated with haunting vintage photography, Miss Peregrine's Home for Peculiar Children will delight adults, teens, and anyone who relishes an adventure in the shadows.~ ...more",
        "num_reviews": 0,
        "price": 10.76,
        "price_excl_tax": 10.76,
        "price_incl_tax": 10.76,
        "product_type": "books",
        "stars": 1,
        "tax": 0.0,
        "title": "A mysterious island. An abandoned orphanage. A strange collection of curious photographs.A horrific family tragedy sets sixteen-year-old Jacob journeying to a remote island off the coast of Wales, where he discovers the crumbling ruins of Miss Peregrine’s Home for Peculiar Children. As Jacob explores its abandoned bedrooms and hallways, it becomes clear that the children w A mysterious island. An abandoned orphanage. A strange collection of curious photographs.A horrific family tragedy sets sixteen-year-old Jacob journeying to a remote island off the coast of Wales, where he discovers the crumbling ruins of Miss Peregrine’s Home for Peculiar Children. As Jacob explores its abandoned bedrooms and hallways, it becomes clear that the children were more than just peculiar. They may have been dangerous. They may have been quarantined on a deserted island for good reason. And somehow—impossible though it seems—they may still be alive.A spine-tingling fantasy illustrated with haunting vintage photography, Miss Peregrine's Home for Peculiar Children will delight adults, teens, and anyone who relishes an adventure in the shadows.~ ...more",
        "upc": "af96613fdd793a3c",
        "url": "https://books.toscrape.com/catalogue/miss-peregrines-home-for-peculiar-children-miss-peregrines-peculiar-children-1_819/index.html"
    },
    {
        "_id": "6576bae00f3e99e7fca99e7f",
        "availability": 3,
        "category": "science fiction",
        "description": "Facing annihilation at the hands of the warlike Vogons is a curious time to have a craving for tea. It could only happen to the cosmically displaced Arthur Dent and his curious comrades in arms as they hurtle across space powered by pure improbabilityband desperately in search of a place to eat.Among Arthur's motley shipmates are Ford Prefect, a longtime friend and expert Facing annihilation at the hands of the warlike Vogons is a curious time to have a craving for tea. It could only happen to the cosmically displaced Arthur Dent and his curious comrades in arms as they hurtle across space powered by pure improbabilityband desperately in search of a place to eat.Among Arthur's motley shipmates are Ford Prefect, a longtime friend and expert contributor to the Hitchhiker's Guide to the Galaxy; Zaphod Beeblebrox, the three-armed, two-headed ex-president of the galaxy; Tricia McMillan, a fellow Earth refugee who's gone native (her name is Trillian now); and Marvin, the moody android who suffers nothing and no one very gladly. Their destination? The ultimate hot spot for an evening of apocalyptic entertainment and fine dining, where the food (literally) speaks for itself.Will they make it? The answer: hard to say. But bear in mind that the Hitchhiker's Guide deleted the term \"Future Perfect\" from its pages, since it was discovered not to be!\"What's such fun is how amusing the galaxy looks through Adams' sardonically silly eyes.\" ...more",
        "num_reviews": 0,
        "price": 10.92,
        "price_excl_tax": 10.92,
        "price_incl_tax": 10.92,
        "product_type": "books",
        "stars": 1,
        "tax": 0.0,
        "title": "Facing annihilation at the hands of the warlike Vogons is a curious time to have a craving for tea. It could only happen to the cosmically displaced Arthur Dent and his curious comrades in arms as they hurtle across space powered by pure improbabilityband desperately in search of a place to eat.Among Arthur's motley shipmates are Ford Prefect, a longtime friend and expert Facing annihilation at the hands of the warlike Vogons is a curious time to have a craving for tea. It could only happen to the cosmically displaced Arthur Dent and his curious comrades in arms as they hurtle across space powered by pure improbabilityband desperately in search of a place to eat.Among Arthur's motley shipmates are Ford Prefect, a longtime friend and expert contributor to the Hitchhiker's Guide to the Galaxy; Zaphod Beeblebrox, the three-armed, two-headed ex-president of the galaxy; Tricia McMillan, a fellow Earth refugee who's gone native (her name is Trillian now); and Marvin, the moody android who suffers nothing and no one very gladly. Their destination? The ultimate hot spot for an evening of apocalyptic entertainment and fine dining, where the food (literally) speaks for itself.Will they make it? The answer: hard to say. But bear in mind that the Hitchhiker's Guide deleted the term \"Future Perfect\" from its pages, since it was discovered not to be!\"What's such fun is how amusing the galaxy looks through Adams' sardonically silly eyes.\" ...more",
        "upc": "0e92ccf1bd39e68f",
        "url": "https://books.toscrape.com/catalogue/the-restaurant-at-the-end-of-the-universe-hitchhikers-guide-to-the-galaxy-2_275/index.html"
    },
    {
        "_id": "6576bae00f3e99e7fca99c43",
        "availability": 15,
        "category": "crime",
        "description": "In Cold Blood meets Adrian Nicole LeBlanc’s Random Family: A harrowing, profoundly personal investigation of the causes, effects, and communal toll of a deeply troubling crime—the brutal murder of three young children by their parents in the border city of Brownsville, Texas.On March 11, 2003, in Brownsville, Texas—one of America’s poorest cities—John Allen Rubio and Angel In Cold Blood meets Adrian Nicole LeBlanc’s Random Family: A harrowing, profoundly personal investigation of the causes, effects, and communal toll of a deeply troubling crime—the brutal murder of three young children by their parents in the border city of Brownsville, Texas.On March 11, 2003, in Brownsville, Texas—one of America’s poorest cities—John Allen Rubio and Angela Camacho murdered their three young children. The apartment building in which the brutal crimes took place was already rundown, and in their aftermath a consensus developed in the community that it should be destroyed. It was a place, neighbors felt, that was plagued by spiritual cancer. In 2008, journalist Laura Tillman covered the story for The Brownsville Herald. The questions it raised haunted her, particularly one asked by the sole member of the city’s Heritage Council to oppose demolition: is there any such thing as an evil building? Her investigation took her far beyond that question, revealing the nature of the toll that the crime exacted on a city already wracked with poverty. It sprawled into a six-year inquiry into the larger significance of such acts, ones so difficult to imagine or explain that their perpetrators are often dismissed as monsters alien to humanity. With meticulous attention and stunning compassion, Tillman surveyed those surrounding the crimes, speaking with the lawyers who tried the case, the family’s neighbors and relatives and teachers, even one of the murderers: John Allen Rubio himself, whom she corresponded with for years and ultimately met in person. The result is a brilliant exploration of some of our age’s most important social issues, from poverty to mental illness to the death penalty, and a beautiful, profound meditation on the truly human forces that drive them. It is disturbing, insightful, and mesmerizing in equal measure. ...more",
        "num_reviews": 0,
        "price": 10.97,
        "price_excl_tax": 10.97,
        "price_incl_tax": 10.97,
        "product_type": "books",
        "stars": 1,
        "tax": 0.0,
        "title": "In Cold Blood meets Adrian Nicole LeBlanc’s Random Family: A harrowing, profoundly personal investigation of the causes, effects, and communal toll of a deeply troubling crime—the brutal murder of three young children by their parents in the border city of Brownsville, Texas.On March 11, 2003, in Brownsville, Texas—one of America’s poorest cities—John Allen Rubio and Angel In Cold Blood meets Adrian Nicole LeBlanc’s Random Family: A harrowing, profoundly personal investigation of the causes, effects, and communal toll of a deeply troubling crime—the brutal murder of three young children by their parents in the border city of Brownsville, Texas.On March 11, 2003, in Brownsville, Texas—one of America’s poorest cities—John Allen Rubio and Angela Camacho murdered their three young children. The apartment building in which the brutal crimes took place was already rundown, and in their aftermath a consensus developed in the community that it should be destroyed. It was a place, neighbors felt, that was plagued by spiritual cancer. In 2008, journalist Laura Tillman covered the story for The Brownsville Herald. The questions it raised haunted her, particularly one asked by the sole member of the city’s Heritage Council to oppose demolition: is there any such thing as an evil building? Her investigation took her far beyond that question, revealing the nature of the toll that the crime exacted on a city already wracked with poverty. It sprawled into a six-year inquiry into the larger significance of such acts, ones so difficult to imagine or explain that their perpetrators are often dismissed as monsters alien to humanity. With meticulous attention and stunning compassion, Tillman surveyed those surrounding the crimes, speaking with the lawyers who tried the case, the family’s neighbors and relatives and teachers, even one of the murderers: John Allen Rubio himself, whom she corresponded with for years and ultimately met in person. The result is a brilliant exploration of some of our age’s most important social issues, from poverty to mental illness to the death penalty, and a beautiful, profound meditation on the truly human forces that drive them. It is disturbing, insightful, and mesmerizing in equal measure. ...more",
        "upc": "abeafe151a587d3b",
        "url": "https://books.toscrape.com/catalogue/the-long-shadow-of-small-ghosts-murder-and-memory-in-an-american-city_848/index.html"
    },
    {
        "_id": "6576bae00f3e99e7fca9a090",
        "id": 252,
        "url": "https://books.toscrape.com/catalogue/tastes-like-fear-di-marnie-rome-3_742/index.html",
        "title": "Sarah Hilary won the 2015 Theakston's Crime Novel of the Year with her debut, the 2014 Richard and Judy pick SOMEONE ELSE'S SKIN. She followed up with NO OTHER DARKNESS, proclaimed as 'riveting' by Lisa Gardner and 'truly mesmerising' by David Mark. Now D.I. Marnie Rome returns in her third novel.Home is where Harm lies...The young girl who causes the fatal car crash disap Sarah Hilary won the 2015 Theakston's Crime Novel of the Year with her debut, the 2014 Richard and Judy pick SOMEONE ELSE'S SKIN. She followed up with NO OTHER DARKNESS, proclaimed as 'riveting' by Lisa Gardner and 'truly mesmerising' by David Mark. Now D.I. Marnie Rome returns in her third novel.Home is where Harm lies...The young girl who causes the fatal car crash disappears from the scene.A runaway who doesn't want to be found, she only wants to go home.To the one man who understands her.Gives her shelter. Just as he gives shelter to the other lost girls who live in his house.He's the head of her new family.He's Harm. And when Harm's family is threatened, Marnie Rome is about to find out that everything tastes like fear... ...more",
        "upc": "2d1e337aaf341858",
        "product_type": "books",
        "price_excl_tax": 11.0,
        "price_incl_tax": 11.0,
        "tax": 0.0,
        "price": 11.0,
        "availability": 14,
        "num_reviews": 0,
        "stars": 1,
        "category": "mystery",
        "description": "(\"Sarah Hilary won the 2015 Theakston's Crime Novel of the Year with her debut, the 2014 Richard and Judy pick SOMEONE ELSE'S SKIN. She followed up with NO OTHER DARKNESS, proclaimed as 'riveting' by Lisa Gardner and 'truly mesmerising' by David Mark. Now D.I. Marnie Rome returns in her third novel.Home is where Harm lies...The young girl who causes the fatal car crash disap Sarah Hilary won the 2015 Theakston's Crime Novel of the Year with her debut, the 2014 Richard and Judy pick SOMEONE ELSE'S SKIN. She followed up with NO OTHER DARKNESS, proclaimed as 'riveting' by Lisa Gardner and 'truly mesmerising' by David Mark. Now D.I. Marnie Rome returns in her third novel.Home is where Harm lies...The young girl who causes the fatal car crash disappears from the scene.A runaway who doesn't want to be found, she only wants to go home.To the one man who understands her.Gives her shelter. Just as he gives shelter to the other lost girls who live in his house.He's the head of her new family.He's Harm. And when Harm's family is threatened, Marnie Rome is about to find out that everything tastes like fear... ...more\",)"
    },
    {
        "_id": "6576bae00f3e99e7fca9a050",
        "id": 188,
        "url": "https://books.toscrape.com/catalogue/miss-peregrines-home-for-peculiar-children-miss-peregrines-peculiar-children-1_819/index.html",
        "title": "A mysterious island. An abandoned orphanage. A strange collection of curious photographs.A horrific family tragedy sets sixteen-year-old Jacob journeying to a remote island off the coast of Wales, where he discovers the crumbling ruins of Miss Peregrine’s Home for Peculiar Children. As Jacob explores its abandoned bedrooms and hallways, it becomes clear that the children w A mysterious island. An abandoned orphanage. A strange collection of curious photographs.A horrific family tragedy sets sixteen-year-old Jacob journeying to a remote island off the coast of Wales, where he discovers the crumbling ruins of Miss Peregrine’s Home for Peculiar Children. As Jacob explores its abandoned bedrooms and hallways, it becomes clear that the children were more than just peculiar. They may have been dangerous. They may have been quarantined on a deserted island for good reason. And somehow—impossible though it seems—they may still be alive.A spine-tingling fantasy illustrated with haunting vintage photography, Miss Peregrine's Home for Peculiar Children will delight adults, teens, and anyone who relishes an adventure in the shadows.~ ...more",
        "upc": "af96613fdd793a3c",
        "product_type": "books",
        "price_excl_tax": 11.0,
        "price_incl_tax": 11.0,
        "tax": 0.0,
        "price": 11.0,
        "availability": 15,
        "num_reviews": 0,
        "stars": 1,
        "category": "default",
        "description": "(\"A mysterious island. An abandoned orphanage. A strange collection of curious photographs.A horrific family tragedy sets sixteen-year-old Jacob journeying to a remote island off the coast of Wales, where he discovers the crumbling ruins of Miss Peregrine’s Home for Peculiar Children. As Jacob explores its abandoned bedrooms and hallways, it becomes clear that the children w A mysterious island. An abandoned orphanage. A strange collection of curious photographs.A horrific family tragedy sets sixteen-year-old Jacob journeying to a remote island off the coast of Wales, where he discovers the crumbling ruins of Miss Peregrine’s Home for Peculiar Children. As Jacob explores its abandoned bedrooms and hallways, it becomes clear that the children were more than just peculiar. They may have been dangerous. They may have been quarantined on a deserted island for good reason. And somehow—impossible though it seems—they may still be alive.A spine-tingling fantasy illustrated with haunting vintage photography, Miss Peregrine's Home for Peculiar Children will delight adults, teens, and anyone who relishes an adventure in the shadows.~ ...more\",)"
    },
    {
        "_id": "6576bae00f3e99e7fca9a267",
        "id": 723,
        "url": "https://books.toscrape.com/catalogue/the-restaurant-at-the-end-of-the-universe-hitchhikers-guide-to-the-galaxy-2_275/index.html",
        "title": "Facing annihilation at the hands of the warlike Vogons is a curious time to have a craving for tea. It could only happen to the cosmically displaced Arthur Dent and his curious comrades in arms as they hurtle across space powered by pure improbabilityband desperately in search of a place to eat.Among Arthur's motley shipmates are Ford Prefect, a longtime friend and expert Facing annihilation at the hands of the warlike Vogons is a curious time to have a craving for tea. It could only happen to the cosmically displaced Arthur Dent and his curious comrades in arms as they hurtle across space powered by pure improbabilityband desperately in search of a place to eat.Among Arthur's motley shipmates are Ford Prefect, a longtime friend and expert contributor to the Hitchhiker's Guide to the Galaxy; Zaphod Beeblebrox, the three-armed, two-headed ex-president of the galaxy; Tricia McMillan, a fellow Earth refugee who's gone native (her name is Trillian now); and Marvin, the moody android who suffers nothing and no one very gladly. Their destination? The ultimate hot spot for an evening of apocalyptic entertainment and fine dining, where the food (literally) speaks for itself.Will they make it? The answer: hard to say. But bear in mind that the Hitchhiker's Guide deleted the term \"Future Perfect\" from its pages, since it was discovered not to be!\"What's such fun is how amusing the galaxy looks through Adams' sardonically silly eyes.\" ...more",
        "upc": "0e92ccf1bd39e68f",
        "product_type": "books",
        "price_excl_tax": 11.0,
        "price_incl_tax": 11.0,
        "tax": 0.0,
        "price": 11.0,
        "availability": 3,
        "num_reviews": 0,
        "stars": 1,
        "category": "science fiction",
        "description": "('Facing annihilation at the hands of the warlike Vogons is a curious time to have a craving for tea. It could only happen to the cosmically displaced Arthur Dent and his curious comrades in arms as they hurtle across space powered by pure improbabilityband desperately in search of a place to eat.Among Arthur\\'s motley shipmates are Ford Prefect, a longtime friend and expert Facing annihilation at the hands of the warlike Vogons is a curious time to have a craving for tea. It could only happen to the cosmically displaced Arthur Dent and his curious comrades in arms as they hurtle across space powered by pure improbabilityband desperately in search of a place to eat.Among Arthur\\'s motley shipmates are Ford Prefect, a longtime friend and expert contributor to the Hitchhiker\\'s Guide to the Galaxy; Zaphod Beeblebrox, the three-armed, two-headed ex-president of the galaxy; Tricia McMillan, a fellow Earth refugee who\\'s gone native (her name is Trillian now); and Marvin, the moody android who suffers nothing and no one very gladly. Their destination? The ultimate hot spot for an evening of apocalyptic entertainment and fine dining, where the food (literally) speaks for itself.Will they make it? The answer: hard to say. But bear in mind that the Hitchhiker\\'s Guide deleted the term \"Future Perfect\" from its pages, since it was discovered not to be!\"What\\'s such fun is how amusing the galaxy looks through Adams\\' sardonically silly eyes.\" ...more',)"
    },
    {
        "_id": "6576bae00f3e99e7fca9a2e7",
        "id": 851,
        "url": "https://books.toscrape.com/catalogue/counting-thyme_142/index.html",
        "title": "When eleven-year-old Thyme Owens’ little brother, Val, is accepted into a new cancer drug trial, it’s just the second chance that he needs. But it also means the Owens family has to move to New York, thousands of miles away from Thyme’s best friend and everything she knows and loves. The island of Manhattan doesn’t exactly inspire new beginnings, but Thyme tries to embrace When eleven-year-old Thyme Owens’ little brother, Val, is accepted into a new cancer drug trial, it’s just the second chance that he needs. But it also means the Owens family has to move to New York, thousands of miles away from Thyme’s best friend and everything she knows and loves. The island of Manhattan doesn’t exactly inspire new beginnings, but Thyme tries to embrace the change for what it is: temporary.After Val’s treatment shows real promise and Mr. Owens accepts a full-time position in the city, Thyme has to face the frightening possibility that the move to New York is permanent. Thyme loves her brother, and knows the trial could save his life—she’d give anything for him to be well—but she still wants to go home, although the guilt of not wanting to stay is agonizing. She finds herself even more mixed up when her heart feels the tug of new friends, a first crush, and even a crotchety neighbor and his sweet whistling bird. All Thyme can do is count the minutes, the hours, and days, and hope time can bring both a miracle for Val and a way back home. ...more",
        "upc": "157f693d9e600ccc",
        "product_type": "books",
        "price_excl_tax": 11.0,
        "price_incl_tax": 11.0,
        "tax": 0.0,
        "price": 11.0,
        "availability": 3,
        "num_reviews": 0,
        "stars": 1,
        "category": "childrens",
        "description": "('When eleven-year-old Thyme Owens’ little brother, Val, is accepted into a new cancer drug trial, it’s just the second chance that he needs. But it also means the Owens family has to move to New York, thousands of miles away from Thyme’s best friend and everything she knows and loves. The island of Manhattan doesn’t exactly inspire new beginnings, but Thyme tries to embrace When eleven-year-old Thyme Owens’ little brother, Val, is accepted into a new cancer drug trial, it’s just the second chance that he needs. But it also means the Owens family has to move to New York, thousands of miles away from Thyme’s best friend and everything she knows and loves. The island of Manhattan doesn’t exactly inspire new beginnings, but Thyme tries to embrace the change for what it is: temporary.After Val’s treatment shows real promise and Mr. Owens accepts a full-time position in the city, Thyme has to face the frightening possibility that the move to New York is permanent. Thyme loves her brother, and knows the trial could save his life—she’d give anything for him to be well—but she still wants to go home, although the guilt of not wanting to stay is agonizing. She finds herself even more mixed up when her heart feels the tug of new friends, a first crush, and even a crotchety neighbor and his sweet whistling bird. All Thyme can do is count the minutes, the hours, and days, and hope time can bring both a miracle for Val and a way back home. ...more',)"
    },
    {
        "_id": "6576bae00f3e99e7fca9a02f",
        "id": 155,
        "url": "https://books.toscrape.com/catalogue/the-project_856/index.html",
        "title": "Welcome to Adrianna, a new country isolated for years and shrouded in mystery. It’s home to the Leafers, an assembly of the most intelligent minds in the world. When Leafer President John Greenleaf opens Adrianna’s doors for the filming of a documentary, the young country’s secrets will be exposed changing the world forever. Can the Leafers really cure cancer, diabetes and Welcome to Adrianna, a new country isolated for years and shrouded in mystery. It’s home to the Leafers, an assembly of the most intelligent minds in the world. When Leafer President John Greenleaf opens Adrianna’s doors for the filming of a documentary, the young country’s secrets will be exposed changing the world forever. Can the Leafers really cure cancer, diabetes and heart disease with a miraculous new plant? Can they provide free food and free wireless electricity to the entire planet without pollution? Adrianna’s technology guarantees to cause a complete collapse of the global economy. But will the rich and powerful allow it? Wars will be fought. Economies will collapse. The true origins of human life on Earth will be revealed. The project must be completed. ...more",
        "upc": "790ef197c8f236f5",
        "product_type": "books",
        "price_excl_tax": 11.0,
        "price_incl_tax": 11.0,
        "tax": 0.0,
        "price": 11.0,
        "availability": 15,
        "num_reviews": 0,
        "stars": 1,
        "category": "science fiction",
        "description": "('Welcome to Adrianna, a new country isolated for years and shrouded in mystery. It’s home to the Leafers, an assembly of the most intelligent minds in the world. When Leafer President John Greenleaf opens Adrianna’s doors for the filming of a documentary, the young country’s secrets will be exposed changing the world forever. Can the Leafers really cure cancer, diabetes and Welcome to Adrianna, a new country isolated for years and shrouded in mystery. It’s home to the Leafers, an assembly of the most intelligent minds in the world. When Leafer President John Greenleaf opens Adrianna’s doors for the filming of a documentary, the young country’s secrets will be exposed changing the world forever. Can the Leafers really cure cancer, diabetes and heart disease with a miraculous new plant? Can they provide free food and free wireless electricity to the entire planet without pollution? Adrianna’s technology guarantees to cause a complete collapse of the global economy. But will the rich and powerful allow it? Wars will be fought. Economies will collapse. The true origins of human life on Earth will be revealed. The project must be completed. ...more',)"
    },
    {
        "_id": "6576bae00f3e99e7fca9a026",
        "id": 146,
        "url": "https://books.toscrape.com/catalogue/the-long-shadow-of-small-ghosts-murder-and-memory-in-an-american-city_848/index.html",
        "title": "In Cold Blood meets Adrian Nicole LeBlanc’s Random Family: A harrowing, profoundly personal investigation of the causes, effects, and communal toll of a deeply troubling crime—the brutal murder of three young children by their parents in the border city of Brownsville, Texas.On March 11, 2003, in Brownsville, Texas—one of America’s poorest cities—John Allen Rubio and Angel In Cold Blood meets Adrian Nicole LeBlanc’s Random Family: A harrowing, profoundly personal investigation of the causes, effects, and communal toll of a deeply troubling crime—the brutal murder of three young children by their parents in the border city of Brownsville, Texas.On March 11, 2003, in Brownsville, Texas—one of America’s poorest cities—John Allen Rubio and Angela Camacho murdered their three young children. The apartment building in which the brutal crimes took place was already rundown, and in their aftermath a consensus developed in the community that it should be destroyed. It was a place, neighbors felt, that was plagued by spiritual cancer. In 2008, journalist Laura Tillman covered the story for The Brownsville Herald. The questions it raised haunted her, particularly one asked by the sole member of the city’s Heritage Council to oppose demolition: is there any such thing as an evil building? Her investigation took her far beyond that question, revealing the nature of the toll that the crime exacted on a city already wracked with poverty. It sprawled into a six-year inquiry into the larger significance of such acts, ones so difficult to imagine or explain that their perpetrators are often dismissed as monsters alien to humanity. With meticulous attention and stunning compassion, Tillman surveyed those surrounding the crimes, speaking with the lawyers who tried the case, the family’s neighbors and relatives and teachers, even one of the murderers: John Allen Rubio himself, whom she corresponded with for years and ultimately met in person. The result is a brilliant exploration of some of our age’s most important social issues, from poverty to mental illness to the death penalty, and a beautiful, profound meditation on the truly human forces that drive them. It is disturbing, insightful, and mesmerizing in equal measure. ...more",
        "upc": "abeafe151a587d3b",
        "product_type": "books",
        "price_excl_tax": 11.0,
        "price_incl_tax": 11.0,
        "tax": 0.0,
        "price": 11.0,
        "availability": 15,
        "num_reviews": 0,
        "stars": 1,
        "category": "crime",
        "description": "('In Cold Blood meets Adrian Nicole LeBlanc’s Random Family: A harrowing, profoundly personal investigation of the causes, effects, and communal toll of a deeply troubling crime—the brutal murder of three young children by their parents in the border city of Brownsville, Texas.On March 11, 2003, in Brownsville, Texas—one of America’s poorest cities—John Allen Rubio and Angel In Cold Blood meets Adrian Nicole LeBlanc’s Random Family: A harrowing, profoundly personal investigation of the causes, effects, and communal toll of a deeply troubling crime—the brutal murder of three young children by their parents in the border city of Brownsville, Texas.On March 11, 2003, in Brownsville, Texas—one of America’s poorest cities—John Allen Rubio and Angela Camacho murdered their three young children. The apartment building in which the brutal crimes took place was already rundown, and in their aftermath a consensus developed in the community that it should be destroyed. It was a place, neighbors felt, that was plagued by spiritual cancer. In 2008, journalist Laura Tillman covered the story for The Brownsville Herald. The questions it raised haunted her, particularly one asked by the sole member of the city’s Heritage Council to oppose demolition: is there any such thing as an evil building? Her investigation took her far beyond that question, revealing the nature of the toll that the crime exacted on a city already wracked with poverty. It sprawled into a six-year inquiry into the larger significance of such acts, ones so difficult to imagine or explain that their perpetrators are often dismissed as monsters alien to humanity. With meticulous attention and stunning compassion, Tillman surveyed those surrounding the crimes, speaking with the lawyers who tried the case, the family’s neighbors and relatives and teachers, even one of the murderers: John Allen Rubio himself, whom she corresponded with for years and ultimately met in person. The result is a brilliant exploration of some of our age’s most important social issues, from poverty to mental illness to the death penalty, and a beautiful, profound meditation on the truly human forces that drive them. It is disturbing, insightful, and mesmerizing in equal measure. ...more',)"
    },
    {
        "_id": "6576bae00f3e99e7fca99d3d",
        "availability": 12,
        "category": "mystery",
        "description": "Iris Johansen's beloved forensic sculptor Eve Duncan is back and now the stakes are higher than ever. Dramatic changes are on the horizon for Eve and Joe Quinn and their relationship may never be the same. Faced with the task of protecting Cara Delaney, a young girl with ruthless enemies who want to see her dead, Eve takes her away to the remote Scottish Highlands where th Iris Johansen's beloved forensic sculptor Eve Duncan is back and now the stakes are higher than ever. Dramatic changes are on the horizon for Eve and Joe Quinn and their relationship may never be the same. Faced with the task of protecting Cara Delaney, a young girl with ruthless enemies who want to see her dead, Eve takes her away to the remote Scottish Highlands where they join Jane MacGuire in search of a hidden treasure. But nowhere is far enough away to protect Cara from danger. With enemies closing in from all sides, Hide Away is a high-octane thriller that fans will not want to miss. ...more",
        "num_reviews": 0,
        "price": 11.84,
        "price_excl_tax": 11.84,
        "price_incl_tax": 11.84,
        "product_type": "books",
        "stars": 1,
        "tax": 0.0,
        "title": "Iris Johansen's beloved forensic sculptor Eve Duncan is back and now the stakes are higher than ever. Dramatic changes are on the horizon for Eve and Joe Quinn and their relationship may never be the same. Faced with the task of protecting Cara Delaney, a young girl with ruthless enemies who want to see her dead, Eve takes her away to the remote Scottish Highlands where th Iris Johansen's beloved forensic sculptor Eve Duncan is back and now the stakes are higher than ever. Dramatic changes are on the horizon for Eve and Joe Quinn and their relationship may never be the same. Faced with the task of protecting Cara Delaney, a young girl with ruthless enemies who want to see her dead, Eve takes her away to the remote Scottish Highlands where they join Jane MacGuire in search of a hidden treasure. But nowhere is far enough away to protect Cara from danger. With enemies closing in from all sides, Hide Away is a high-octane thriller that fans will not want to miss. ...more",
        "upc": "bddc6fd036eb6279",
        "url": "https://books.toscrape.com/catalogue/hide-away-eve-duncan-20_620/index.html"
    },
    {
        "_id": "6576bae00f3e99e7fca9a26a",
        "id": 726,
        "url": "https://books.toscrape.com/catalogue/the-purest-hook-second-circle-tattoos-3_271/index.html",
        "title": "Can a love built on secrets survive?Rugged, hot, and rock hard, Dred Zander is exactly the type of man that normally sends Pixie running. Not dreaming about running her hands down his washboard abs...and lower. The lead singer and guitarist for the band Preload embodies trouble behind his quick smile and guarded eyes, and Pixie left trouble behind her years ago along with Can a love built on secrets survive?Rugged, hot, and rock hard, Dred Zander is exactly the type of man that normally sends Pixie running. Not dreaming about running her hands down his washboard abs...and lower. The lead singer and guitarist for the band Preload embodies trouble behind his quick smile and guarded eyes, and Pixie left trouble behind her years ago along with the name Sarah Jane Travers and the pathetic trailer her mom called home. With her abusive past in her past, she has a new life, a new family at Second Circle, and a dream of opening her own business. She needs capital and time. What she doesn't need is a tempting long-haired rocker or the paparazzi that follow him around.But Dred has other ideas. Pixie's sweet hazel eyes, purple hair and kaleidoscopic tattoo of exotic flowers that swirl up her arm haunt his dreams, and he knows she wants him too. He just has to convince her. But as a juicy exposé threatens to expose their pasts, and a blackmailer terrorizes their present, Pixie and Dred have to decide what really matters and fight like hell to keep it. ...more",
        "upc": "969f6c7e86554814",
        "product_type": "books",
        "price_excl_tax": 12.0,
        "price_incl_tax": 12.0,
        "tax": 0.0,
        "price": 12.0,
        "availability": 3,
        "num_reviews": 0,
        "stars": 1,
        "category": "romance",
        "description": "(\"Can a love built on secrets survive?Rugged, hot, and rock hard, Dred Zander is exactly the type of man that normally sends Pixie running. Not dreaming about running her hands down his washboard abs...and lower. The lead singer and guitarist for the band Preload embodies trouble behind his quick smile and guarded eyes, and Pixie left trouble behind her years ago along with Can a love built on secrets survive?Rugged, hot, and rock hard, Dred Zander is exactly the type of man that normally sends Pixie running. Not dreaming about running her hands down his washboard abs...and lower. The lead singer and guitarist for the band Preload embodies trouble behind his quick smile and guarded eyes, and Pixie left trouble behind her years ago along with the name Sarah Jane Travers and the pathetic trailer her mom called home. With her abusive past in her past, she has a new life, a new family at Second Circle, and a dream of opening her own business. She needs capital and time. What she doesn't need is a tempting long-haired rocker or the paparazzi that follow him around.But Dred has other ideas. Pixie's sweet hazel eyes, purple hair and kaleidoscopic tattoo of exotic flowers that swirl up her arm haunt his dreams, and he knows she wants him too. He just has to convince her. But as a juicy exposé threatens to expose their pasts, and a blackmailer terrorizes their present, Pixie and Dred have to decide what really matters and fight like hell to keep it. ...more\",)"
    },
    {
        "_id": "6576bae00f3e99e7fca9a110",
        "id": 380,
        "url": "https://books.toscrape.com/catalogue/hide-away-eve-duncan-20_620/index.html",
        "title": "Iris Johansen's beloved forensic sculptor Eve Duncan is back and now the stakes are higher than ever. Dramatic changes are on the horizon for Eve and Joe Quinn and their relationship may never be the same. Faced with the task of protecting Cara Delaney, a young girl with ruthless enemies who want to see her dead, Eve takes her away to the remote Scottish Highlands where th Iris Johansen's beloved forensic sculptor Eve Duncan is back and now the stakes are higher than ever. Dramatic changes are on the horizon for Eve and Joe Quinn and their relationship may never be the same. Faced with the task of protecting Cara Delaney, a young girl with ruthless enemies who want to see her dead, Eve takes her away to the remote Scottish Highlands where they join Jane MacGuire in search of a hidden treasure. But nowhere is far enough away to protect Cara from danger. With enemies closing in from all sides, Hide Away is a high-octane thriller that fans will not want to miss. ...more",
        "upc": "bddc6fd036eb6279",
        "product_type": "books",
        "price_excl_tax": 12.0,
        "price_incl_tax": 12.0,
        "tax": 0.0,
        "price": 12.0,
        "availability": 12,
        "num_reviews": 0,
        "stars": 1,
        "category": "mystery",
        "description": "(\"Iris Johansen's beloved forensic sculptor Eve Duncan is back and now the stakes are higher than ever. Dramatic changes are on the horizon for Eve and Joe Quinn and their relationship may never be the same. Faced with the task of protecting Cara Delaney, a young girl with ruthless enemies who want to see her dead, Eve takes her away to the remote Scottish Highlands where th Iris Johansen's beloved forensic sculptor Eve Duncan is back and now the stakes are higher than ever. Dramatic changes are on the horizon for Eve and Joe Quinn and their relationship may never be the same. Faced with the task of protecting Cara Delaney, a young girl with ruthless enemies who want to see her dead, Eve takes her away to the remote Scottish Highlands where they join Jane MacGuire in search of a hidden treasure. But nowhere is far enough away to protect Cara from danger. With enemies closing in from all sides, Hide Away is a high-octane thriller that fans will not want to miss. ...more\",)"
    },
    {
        "_id": "6576bae00f3e99e7fca9a285",
        "id": 753,
        "url": "https://books.toscrape.com/catalogue/the-giver-the-giver-quartet-1_251/index.html",
        "title": "Featuring photographic artwork from the feature film on the cover, this handsome edition of The Giver is perfect for fans of the movie and the literary classic. Lois Lowry's 1994 Newbery Medal–winning tale has become one of the most influential novels of our time. The haunting story centers on Jonas who lives in a seemingly ideal, if colorless, world of conformity and cont Featuring  photographic artwork from the feature film on the cover, this handsome edition of The Giver  is  perfect for fans of the movie and the  literary classic. Lois Lowry's 1994 Newbery Medal–winning tale has become one of the most influential novels of our time. The haunting story centers on  Jonas who lives in a seemingly ideal, if colorless, world of conformity and contentment. Not until he is given his life assignment as the Receiver of Memory does he begin to understand the dark, complex secrets behind his fragile community. Lois Lowry has written three companion novels to The Giver, including Gathering Blue, Messenger, and Son. ...more",
        "upc": "e2dac1f4739e0bd5",
        "product_type": "books",
        "price_excl_tax": 12.0,
        "price_incl_tax": 12.0,
        "tax": 0.0,
        "price": 12.0,
        "availability": 3,
        "num_reviews": 0,
        "stars": 1,
        "category": "default",
        "description": "(\"Featuring photographic artwork from the feature film on the cover, this handsome edition of The Giver is perfect for fans of the movie and the literary classic. Lois Lowry's 1994 Newbery Medal–winning tale has become one of the most influential novels of our time. The haunting story centers on Jonas who lives in a seemingly ideal, if colorless, world of conformity and cont Featuring\\xa0 photographic artwork from the feature film on the cover, this handsome edition of The Giver\\xa0 is \\xa0perfect for fans of the movie and the\\xa0 literary classic. Lois Lowry's 1994 Newbery Medal–winning tale has become one of the most influential novels of our time. The haunting story centers on \\xa0Jonas who lives in a seemingly ideal, if colorless, world of conformity and contentment. Not until he is given his life assignment as the Receiver of Memory does he begin to understand the dark, complex secrets behind his fragile community. Lois Lowry has written three companion novels to The Giver, including Gathering Blue, Messenger, and Son. ...more\",)"
    },
    {
        "_id": "6576bae00f3e99e7fca99e8e",
        "availability": 3,
        "category": "romance",
        "description": "Can a love built on secrets survive?Rugged, hot, and rock hard, Dred Zander is exactly the type of man that normally sends Pixie running. Not dreaming about running her hands down his washboard abs...and lower. The lead singer and guitarist for the band Preload embodies trouble behind his quick smile and guarded eyes, and Pixie left trouble behind her years ago along with Can a love built on secrets survive?Rugged, hot, and rock hard, Dred Zander is exactly the type of man that normally sends Pixie running. Not dreaming about running her hands down his washboard abs...and lower. The lead singer and guitarist for the band Preload embodies trouble behind his quick smile and guarded eyes, and Pixie left trouble behind her years ago along with the name Sarah Jane Travers and the pathetic trailer her mom called home. With her abusive past in her past, she has a new life, a new family at Second Circle, and a dream of opening her own business. She needs capital and time. What she doesn't need is a tempting long-haired rocker or the paparazzi that follow him around.But Dred has other ideas. Pixie's sweet hazel eyes, purple hair and kaleidoscopic tattoo of exotic flowers that swirl up her arm haunt his dreams, and he knows she wants him too. He just has to convince her. But as a juicy exposé threatens to expose their pasts, and a blackmailer terrorizes their present, Pixie and Dred have to decide what really matters and fight like hell to keep it. ...more",
        "num_reviews": 0,
        "price": 12.25,
        "price_excl_tax": 12.25,
        "price_incl_tax": 12.25,
        "product_type": "books",
        "stars": 1,
        "tax": 0.0,
        "title": "Can a love built on secrets survive?Rugged, hot, and rock hard, Dred Zander is exactly the type of man that normally sends Pixie running. Not dreaming about running her hands down his washboard abs...and lower. The lead singer and guitarist for the band Preload embodies trouble behind his quick smile and guarded eyes, and Pixie left trouble behind her years ago along with Can a love built on secrets survive?Rugged, hot, and rock hard, Dred Zander is exactly the type of man that normally sends Pixie running. Not dreaming about running her hands down his washboard abs...and lower. The lead singer and guitarist for the band Preload embodies trouble behind his quick smile and guarded eyes, and Pixie left trouble behind her years ago along with the name Sarah Jane Travers and the pathetic trailer her mom called home. With her abusive past in her past, she has a new life, a new family at Second Circle, and a dream of opening her own business. She needs capital and time. What she doesn't need is a tempting long-haired rocker or the paparazzi that follow him around.But Dred has other ideas. Pixie's sweet hazel eyes, purple hair and kaleidoscopic tattoo of exotic flowers that swirl up her arm haunt his dreams, and he knows she wants him too. He just has to convince her. But as a juicy exposé threatens to expose their pasts, and a blackmailer terrorizes their present, Pixie and Dred have to decide what really matters and fight like hell to keep it. ...more",
        "upc": "969f6c7e86554814",
        "url": "https://books.toscrape.com/catalogue/the-purest-hook-second-circle-tattoos-3_271/index.html"
    },
    {
        "_id": "6576bae00f3e99e7fca99e94",
        "availability": 3,
        "category": "default",
        "description": "Featuring photographic artwork from the feature film on the cover, this handsome edition of The Giver is perfect for fans of the movie and the literary classic. Lois Lowry's 1994 Newbery Medal–winning tale has become one of the most influential novels of our time. The haunting story centers on Jonas who lives in a seemingly ideal, if colorless, world of conformity and cont Featuring  photographic artwork from the feature film on the cover, this handsome edition of The Giver  is  perfect for fans of the movie and the  literary classic. Lois Lowry's 1994 Newbery Medal–winning tale has become one of the most influential novels of our time. The haunting story centers on  Jonas who lives in a seemingly ideal, if colorless, world of conformity and contentment. Not until he is given his life assignment as the Receiver of Memory does he begin to understand the dark, complex secrets behind his fragile community. Lois Lowry has written three companion novels to The Giver, including Gathering Blue, Messenger, and Son. ...more",
        "num_reviews": 0,
        "price": 12.3,
        "price_excl_tax": 12.3,
        "price_incl_tax": 12.3,
        "product_type": "books",
        "stars": 1,
        "tax": 0.0,
        "title": "Featuring photographic artwork from the feature film on the cover, this handsome edition of The Giver is perfect for fans of the movie and the literary classic. Lois Lowry's 1994 Newbery Medal–winning tale has become one of the most influential novels of our time. The haunting story centers on Jonas who lives in a seemingly ideal, if colorless, world of conformity and cont Featuring  photographic artwork from the feature film on the cover, this handsome edition of The Giver  is  perfect for fans of the movie and the  literary classic. Lois Lowry's 1994 Newbery Medal–winning tale has become one of the most influential novels of our time. The haunting story centers on  Jonas who lives in a seemingly ideal, if colorless, world of conformity and contentment. Not until he is given his life assignment as the Receiver of Memory does he begin to understand the dark, complex secrets behind his fragile community. Lois Lowry has written three companion novels to The Giver, including Gathering Blue, Messenger, and Son. ...more",
        "upc": "e2dac1f4739e0bd5",
        "url": "https://books.toscrape.com/catalogue/the-giver-the-giver-quartet-1_251/index.html"
    }
]